"last_name, first_name","player_id","year","single","double","triple","home_run","strikeout","walk","batting_avg","on_base_plus_slg","b_rbi","b_total_bases","r_total_stolen_base","barrel_batted_rate","in_zone_percent"
"Pujols, Albert","405395","2019","75","22","0","23","68","43",".244","0.735","93","211","3",5.8,47.3
"Cabrera, Miguel","408234","2019","106","21","0","12","108","48",".282","0.744","59","196","0",6.4,46
"Choo, Shin-Soo","425783","2019","92","31","2","24","165","78",".265","0.826","61","256","15",8.8,49.8
"Jones, Adam","430945","2019","84","25","1","16","101","31",".260","0.727","67","201","2",6.7,46.2
"Cruz Jr., Nelson","443558","2019","74","26","0","41","131","56",".311","1.031","108","290","0",19.9,44.5
"Longoria, Evan","446334","2019","74","19","2","20","112","43",".254","0.762","69","198","3",7.5,48.7
"Fowler, Dexter","451594","2019","72","24","1","19","142","74",".238","0.755","67","199","8",7.4,45.2
"Cabrera, Asdrúbal","452678","2019","72","25","1","18","103","57",".260","0.783","91","197","4",5.7,49.4
"Blackmon, Charlie","453568","2019","101","42","7","32","104","40",".314","0.940","86","334","2",8.3,48.7
"Cain, Lorenzo","456715","2019","105","30","0","11","106","50",".260","0.697","48","209","18",4.1,48.4
"Turner, Justin","457759","2019","88","24","0","27","88","51",".290","0.881","67","244","2",7.8,49.7
"Votto, Joey","458015","2019","89","32","1","15","123","76",".261","0.768","47","216","5",6.9,48
"Gardner, Brett","458731","2019","62","26","7","28","108","52",".251","0.828","74","247","10",4.1,48.6
"Braun, Ryan","460075","2019","76","31","2","22","105","34",".285","0.848","75","232","11",9.5,44.9
"Gordon, Alex","460086","2019","103","31","1","13","100","51",".266","0.741","76","220","5",5.4,48.4
"Andrus, Elvis","462101","2019","122","27","4","12","96","34",".275","0.706","72","236","31",3.5,48.6
"Ramos, Wilson","467092","2019","103","19","0","14","69","44",".288","0.767","73","197","1",4.7,48.5
"Santana, Carlos","467793","2019","96","30","1","34","108","108",".281","0.912","93","295","4",9.6,46.8
"Belt, Brandon","474832","2019","71","32","3","17","127","83",".234","0.742","57","212","4",8.7,45
"Brantley Jr., Michael","488726","2019","115","40","2","22","66","51",".311","0.875","90","289","3",5.5,50.5
"Gurriel Jr., Yuli","493329","2019","95","40","2","31","65","37",".298","0.884","104","305","5",3.6,47.7
"Rojas, Miguel","500743","2019","102","29","1","5","62","32",".284","0.710","46","183","9",2.6,50.2
"Escobar, Eduardo","500871","2019","97","29","10","35","130","50",".269","0.831","118","325","5",7,44
"Davis, Khris","501981","2019","72","11","0","23","146","47",".220","0.680","73","186","0",9.8,46.4
"Pham, Tommy","502054","2019","99","33","2","21","123","81",".273","0.819","68","255","25",7.9,48.5
"Martinez, J.D.","502110","2019","104","33","2","36","138","72",".304","0.940","105","320","2",12,46
"Reddick, Josh","502210","2019","102","19","3","14","66","36",".275","0.728","56","205","5",3.4,48.1
"Goldschmidt, Paul","502671","2019","95","25","1","34","166","78",".260","0.822","97","284","3",11.3,47.5
"Altuve, Jose","514888","2019","88","27","3","31","82","41",".298","0.903","74","275","6",8.1,46
"Hernández, César","514917","2019","123","31","3","14","100","45",".279","0.741","71","250","9",2.7,49.7
"Segura, Jean","516416","2019","108","37","4","12","73","30",".280","0.743","60","242","10",3.2,46.8
"Castro, Starlin","516770","2019","115","31","4","22","111","28",".270","0.736","86","277","2",6.2,49.4
"Marte, Starling","516782","2019","99","31","6","23","94","25",".295","0.845","82","271","25",8,46.6
"Donaldson, Josh","518626","2019","72","33","0","37","155","100",".259","0.900","94","286","4",15.7,45.3
"Freeman, Freddie","518692","2019","102","34","2","38","127","87",".295","0.938","121","328","6",12.3,44.4
"Grandal, Yasmani","518735","2019","70","26","2","28","139","109",".246","0.848","77","240","5",11.3,46.1
"Heyward, Jason","518792","2019","84","20","4","21","110","68",".251","0.772","62","220","8",5.7,45.8
"LeMahieu, DJ","518934","2019","136","33","2","26","90","46",".327","0.893","102","312","5",7.5,48.9
"Moustakas, Mike","519058","2019","67","30","1","35","98","53",".254","0.845","87","270","3",10.3,45.4
"Rizzo, Anthony","519203","2019","91","29","3","27","86","71",".293","0.925","94","266","5",6.8,43.8
"Galvis, Freddy","520471","2019","93","28","1","23","145","28",".260","0.734","70","244","4",5.5,47.5
"García, Avisaíl","541645","2019","91","25","2","20","125","31",".282","0.796","72","227","10",11.7,44.9
"Ozuna, Marcell","542303","2019","64","23","1","29","114","62",".241","0.800","89","229","12",12.1,42.7
"Villar, Jonathan","542340","2019","114","33","5","24","176","61",".274","0.792","73","291","40",6.8,47
"Santana, Danny","542454","2019","77","23","6","28","151","25",".283","0.858","81","253","21",9.5,48.6
"Crawford, Brandon","543063","2019","77","24","2","11","117","53",".228","0.654","59","175","3",5.4,47.1
"Hosmer, Eric","543333","2019","111","29","2","22","163","40",".265","0.735","99","263","0",7.2,44
"Kipnis, Jason","543401","2019","71","23","1","17","88","40",".245","0.714","65","188","7",5.5,49.8
"Rendon, Anthony","543685","2019","93","44","3","34","86","80",".319","1.010","126","326","5",12,47.3
"Semien, Marcus","543760","2019","104","43","7","33","102","87",".285","0.891","92","343","10",8.5,48.6
"Springer III, George","543807","2019","78","20","3","39","113","67",".292","0.974","96","283","6",14.1,47.7
"Vázquez, Christian","543877","2019","83","26","1","23","101","33",".276","0.797","72","230","4",5.9,48.7
"Wong, Kolten","543939","2019","96","25","4","11","83","47",".285","0.784","59","202","24",2.2,49
"Garcia, Leury","544725","2019","123","27","3","8","139","21",".279","0.688","40","218","15",3.8,49.8
"Grichuk, Randal","545341","2019","71","29","5","31","163","35",".232","0.737","80","268","2",8.5,46.8
"Trout, Mike","545361","2019","63","27","2","45","120","110",".291","1.083","104","303","11",18.9,47.3
"Harper, Bryce","547180","2019","77","36","1","35","178","99",".260","0.882","114","292","15",14.8,41.9
"Abreu, José","547989","2019","108","38","1","33","152","36",".284","0.833","123","319","2",12.8,46.5
"Suárez, Eugenio","553993","2019","83","22","2","49","189","70",".271","0.930","103","329","3",13.8,47.5
"Santana, Domingo","570267","2019","72","20","1","21","164","50",".253","0.770","69","199","8",12.1,49.4
"Sánchez, Yolmer","570560","2019","99","20","4","2","117","44",".252","0.639","43","159","5",1,48.4
"Arenado, Nolan","571448","2019","111","31","2","41","93","62",".315","0.962","118","343","3",8,43.4
"Muncy, Max","571970","2019","64","22","1","35","149","90",".251","0.889","98","251","4",12,47.2
"Voit III, Luke","572228","2019","70","21","1","21","142","71",".263","0.842","62","199","0",13.9,45.6
"Walker, Christian","572233","2019","81","26","1","29","155","67",".259","0.824","73","252","8",13.1,48.5
"Iglesias, Jose","578428","2019","110","21","3","11","70","20",".288","0.725","59","205","6",2.3,45.3
"Bryant, Kris","592178","2019","86","35","1","31","145","74",".282","0.903","77","283","4",9.3,45.4
"Castellanos, Nick","592206","2019","90","58","3","27","143","41",".289","0.862","73","323","2",10.9,45.1
"Machado, Manny","592518","2019","95","21","2","32","128","65",".256","0.796","85","271","5",8,44.8
"Moran, Colin","592567","2019","85","30","1","13","117","30",".277","0.751","80","200","0",7.4,44.7
"Pederson, Joc","592626","2019","57","16","3","36","111","50",".249","0.877","74","242","1",10.3,46.5
"Realmuto, J.T.","592663","2019","84","36","3","25","123","41",".275","0.821","83","265","9",8.7,47.8
"Rosario, Eddie","592696","2019","94","28","1","32","86","22",".276","0.800","109","281","3",8.5,43.1
"Yelich, Christian","592885","2019","85","29","3","44","118","80",".329","1.100","97","328","30",15.8,41.3
"Merrifield, Whit","593160","2019","139","41","10","16","126","45",".302","0.811","74","315","20",4.5,49.6
"Bogaerts, Xander","593428","2019","105","52","0","33","122","76",".309","0.939","117","341","4",8.6,47.4
"Alberto, Hanser","593643","2019","125","21","2","12","50","16",".305","0.751","51","221","4",2.9,47.2
"Polanco, Jorge","593871","2019","117","40","7","22","116","60",".295","0.841","79","306","4",6.7,46.2
"Calhoun, Kole","594777","2019","65","29","1","33","162","70",".232","0.792","74","258","4",11.2,46.6
"Eaton, Adam","594809","2019","111","25","7","15","106","65",".279","0.793","49","242","15",3.8,47.4
"Profar, Jurickson","595777","2019","54","24","2","20","75","48",".218","0.711","67","188","9",6.5,47.9
"Báez, Javier","595879","2019","78","38","4","29","156","28",".281","0.847","85","282","11",12.7,41.9
"Lindor, Francisco","596019","2019","96","40","2","32","98","46",".284","0.853","74","310","22",7.5,47.7
"Odor, Rougned","596059","2019","46","30","1","30","178","52",".205","0.722","93","229","11",13.6,47.4
"Story, Trevor","596115","2019","95","38","5","35","174","58",".294","0.917","85","326","23",8.6,46.8
"Vogelbach, Daniel","596129","2019","49","17","0","30","149","92",".208","0.780","76","203","0",10.5,45.9
"Kepler, Max","596146","2019","64","32","0","36","99","60",".252","0.855","90","272","1",8.9,46.8
"Bradley Jr., Jackie","598265","2019","59","28","3","21","155","56",".225","0.738","62","208","8",9.6,48.6
"Núñez, Renato","600524","2019","77","24","0","31","143","44",".244","0.771","90","249","1",10.7,44.7
"Ahmed, Nick","605113","2019","83","33","6","19","113","52",".254","0.753","82","243","8",6.6,48.6
"Anderson, Brian","605119","2019","66","33","1","20","114","44",".261","0.810","66","215","5",8.9,47
"Bell, Josh","605137","2019","69","37","3","37","118","74",".277","0.936","116","300","0",12.7,41.6
"Betts, Mookie","605141","2019","102","40","5","29","101","97",".295","0.915","80","313","16",10.3,48.1
"Smith, Mallex","605480","2019","82","19","9","6","141","42",".227","0.635","37","171","46",2.2,50.4
"Arcia, Orlando","606115","2019","78","16","1","15","109","43",".223","0.633","59","173","8",4.3,49.2
"Marte, Ketel","606466","2019","110","36","9","32","86","53",".329","0.981","92","337","10",9.3,45.4
"Turner, Trea","607208","2019","94","37","5","19","113","43",".298","0.850","57","259","35",6.8,46.3
"Pillar, Kevin","607680","2019","97","37","3","21","89","18",".259","0.719","88","264","14",4.9,44.9
"Ramírez, José","608070","2019","64","33","3","23","74","52",".255","0.806","83","231","24",6.3,47.2
"Bregman, Alex","608324","2019","84","37","2","41","83","119",".296","1.015","112","328","5",4.8,45.9
"Seager, Corey","608369","2019","69","44","1","19","98","44",".272","0.818","87","236","1",7.3,47.6
"Reyes, Franmil","614177","2019","67","19","0","37","156","47",".249","0.822","81","253","0",14.8,45.9
"Swanson, Dansby","621020","2019","75","26","3","17","124","51",".251","0.747","65","204","10",10.1,48.2
"Newman, Kevin","621028","2019","114","20","6","12","62","28",".308","0.799","64","220","16",2.1,47.3
"Olson, Matt","621566","2019","67","26","0","36","138","51",".267","0.896","91","263","0",14.5,48.8
"Alonso, Pete","624413","2019","70","30","2","53","183","72",".260","0.941","120","348","1",15.8,41.3
"Conforto, Michael","624424","2019","78","29","1","33","149","84",".257","0.857","92","271","7",11.9,45.3
"Frazier, Adam","624428","2019","104","33","7","10","75","40",".278","0.753","50","231","5",1.9,49.5
"Puig, Yasiel","624577","2019","92","30","2","24","133","44",".267","0.785","84","254","19",9.2,47.4
"Soler, Jorge","624585","2019","74","33","1","48","178","73",".265","0.923","117","335","3",16.9,45.6
"Meadows, Austin","640457","2019","85","29","7","33","131","54",".291","0.922","89","296","12",12.5,48.2
"Anderson, Tim","641313","2019","117","32","0","18","109","15",".335","0.865","56","253","17",5.1,47
"Bellinger, Cody","641355","2019","86","34","3","47","108","95",".305","1.035","115","351","15",12.7,46.1
"Dozier, Hunter","641531","2019","81","29","10","26","148","55",".279","0.870","84","273","2",10,47.1
"Mancini III, Trey","641820","2019","100","38","2","35","143","63",".291","0.899","97","322","1",10.3,45.7
"McMahon, Ryan","641857","2019","73","22","1","24","160","56",".250","0.779","83","216","5",9,47.9
"Rosario, Amed","642708","2019","125","30","7","15","124","31",".287","0.755","72","266","19",4.2,47.1
"Adames, Willy","642715","2019","89","25","1","20","153","46",".254","0.735","52","222","4",8.4,50
"Benintendi, Andrew","643217","2019","86","40","5","13","140","59",".266","0.774","68","233","10",8.1,45.5
"McNeil, Jeff","643446","2019","100","38","1","23","75","35",".318","0.915","75","271","5",4.8,47.8
"Albies, Ozzie","645277","2019","114","43","8","24","112","54",".295","0.852","86","320","15",6.6,45.7
"Robles, Victor","645302","2019","86","33","3","17","140","35",".255","0.745","65","229","28",4.8,48.3
"Devers, Rafael","646240","2019","111","54","4","32","119","48",".311","0.916","115","359","8",9,46.4
"Jiménez, Eloy","650391","2019","74","18","2","31","134","30",".267","0.828","79","240","0",12.8,43.2
"Torres, Gleyber","650402","2019","88","26","0","38","129","48",".278","0.872","90","292","5",10.1,46.5
"Chapman, Matt","656305","2019","70","36","3","36","147","73",".249","0.848","91","295","1",12.1,48.9
"Hoskins, Rhys","656555","2019","62","33","5","29","173","116",".226","0.818","85","259","2",9.7,47.5
"Schwarber, Kyle","656941","2019","62","29","3","38","156","70",".250","0.870","92","281","2",14.5,46.7
"DeJong, Paul","657557","2019","74","31","1","30","149","62",".233","0.762","78","259","9",8.6,49.9
"Moncada, Yoán","660162","2019","97","34","5","25","154","40",".315","0.915","79","280","10",12.2,48.3
"Acuña Jr., Ronald","660670","2019","110","22","2","41","188","76",".280","0.883","101","324","37",15,48.2
"Fletcher, David","664058","2019","133","30","4","6","64","55",".290","0.734","49","229","8",0.2,52.5
"Guerrero Jr., Vladimir","665489","2019","83","26","2","15","91","46",".272","0.772","69","201","0",7.7,44.4
"Soto, Juan","665742","2019","82","32","5","34","132","108",".282","0.949","110","297","12",12.3,44.1
"Reynolds, Bryan","668804","2019","97","37","4","16","121","46",".314","0.880","68","247","3",6.7,44.8
"Cabrera, Miguel","408234","2021","90","16","0","15","118","40",".256","0.702","75","182","0",8.3,49.3
"Cruz Jr., Nelson","443558","2021","82","21","1","32","126","51",".265","0.831","86","255","3",13.6,46.8
"Peralta, David","444482","2021","80","30","8","8","92","46",".259","0.727","63","196","2",5,49.1
"Blackmon, Charlie","453568","2021","97","25","4","13","91","54",".270","0.762","78","211","3",7,50.7
"McCutchen, Andrew","457705","2021","55","24","1","27","132","81",".222","0.778","80","214","6",9,50.6
"Turner, Justin","457759","2021","99","22","0","27","98","61",".278","0.832","87","251","3",7.9,49.2
"Votto, Joey","458015","2021","59","23","1","36","127","77",".266","0.938","99","252","1",17.2,47.8
"Andrus, Elvis","462101","2021","91","25","2","3","81","31",".243","0.614","37","159","12",2.1,49.9
"Santana, Carlos","467793","2021","87","15","0","19","102","86",".214","0.661","69","193","2",6.8,46.9
"Lowrie, Jed","476704","2021","70","28","0","14","108","49",".245","0.716","69","182","0",9.3,51.6
"Brantley Jr., Michael","488726","2021","106","29","3","8","53","33",".311","0.799","47","205","1",5.8,51.3
"Gurriel Jr., Yuli","493329","2021","123","31","0","15","68","59",".319","0.845","81","245","1",3.4,46.2
"Rojas, Miguel","500743","2021","89","30","3","9","74","37",".265","0.714","48","194","13",2.8,48.3
"Escobar, Eduardo","500871","2021","80","26","5","28","124","48",".253","0.786","90","259","1",8.9,47.5
"Pham, Tommy","502054","2021","68","24","2","15","128","78",".229","0.723","49","182","14",10,50.4
"Martinez, J.D.","502110","2021","90","42","3","28","150","55",".286","0.867","99","295","0",12.5,48
"Goldschmidt, Paul","502671","2021","108","36","2","31","136","67",".294","0.879","99","310","12",13.6,48.4
"Altuve, Jose","514888","2021","103","32","1","31","91","66",".278","0.839","83","294","5",6.4,46.6
"Hernández, César","514917","2021","88","21","2","21","135","59",".232","0.694","62","220","1",6.8,49.8
"Segura, Jean","516416","2021","105","27","3","14","78","39",".290","0.784","58","224","9",5.9,50.7
"Marte, Starling","516782","2021","103","27","3","12","99","43",".310","0.841","55","214","47",8.4,47.4
"Donaldson, Josh","518626","2021","61","26","0","26","114","74",".247","0.827","72","217","0",17.4,47.4
"Freeman, Freddie","518692","2021","122","25","2","31","107","85",".300","0.896","83","302","8",11.5,49.1
"LeMahieu, DJ","518934","2021","125","24","1","10","94","73",".268","0.711","57","216","4",3.7,50.6
"Rizzo, Anthony","519203","2021","75","23","3","22","87","52",".248","0.784","61","218","6",7.7,48.9
"Stanton, Giancarlo","519317","2021","85","19","0","35","157","63",".273","0.870","97","263","0",15.7,45.6
"Perez, Salvador","521692","2021","97","24","0","48","170","28",".273","0.860","121","337","1",16.3,41.8
"García, Avisaíl","541645","2021","74","18","0","29","121","38",".262","0.820","86","226","8",12.2,46.6
"Villar, Jonathan","542340","2021","75","18","2","18","132","46",".249","0.738","42","189","14",7.4,46.9
"Aguilar, Jesús","542583","2021","72","23","0","22","93","46",".261","0.788","93","206","0",8.5,47.9
"Crawford, Brandon","543063","2021","87","30","3","24","105","56",".298","0.895","90","252","11",11.5,47.8
"Cron, C.J.","543068","2021","72","31","1","28","117","60",".281","0.905","92","249","1",11.5,45.8
"Grossman, Robbie","543257","2021","84","23","3","23","155","98",".239","0.772","67","231","20",7.6,47.5
"Harrison, Josh","543281","2021","98","33","2","8","75","31",".279","0.741","60","202","9",4.4,50.2
"Hosmer, Eric","543333","2021","97","28","0","12","99","48",".269","0.732","65","201","5",5.8,46.9
"Semien, Marcus","543760","2021","87","39","2","45","146","66",".265","0.872","102","351","15",9.8,49.2
"Grichuk, Randal","545341","2021","75","25","1","22","114","27",".241","0.704","81","216","0",8.5,48.3
"Harper, Bryce","547180","2021","73","42","1","35","134","100",".309","1.044","84","300","13",18.1,44.9
"Abreu, José","547989","2021","86","30","2","30","143","61",".261","0.832","117","272","1",10.2,47.3
"Suárez, Eugenio","553993","2021","46","23","0","31","171","56",".198","0.714","79","216","0",15,47.4
"Schoop, Jonathan","570731","2021","120","30","1","22","133","37",".278","0.755","84","271","2",6.8,48.3
"Arenado, Nolan","571448","2021","80","34","3","34","96","50",".255","0.806","105","293","2",6.7,46.3
"Farmer, Kyle","571657","2021","87","22","2","16","97","22",".263","0.732","63","201","2",4.3,48.4
"Haniger, Mitch","571745","2021","93","23","2","39","169","54",".253","0.803","100","301","1",12.6,48.5
"Hernández, Enrique","571771","2021","69","35","3","20","110","61",".250","0.786","60","228","1",8.4,47.1
"Muncy, Max","571970","2021","60","26","2","36","120","83",".249","0.895","94","262","2",16.1,49.1
"Seager, Kyle","572122","2021","63","29","1","35","161","59",".212","0.723","101","264","3",12.3,47.2
"Taylor, Michael A.","572191","2021","89","16","1","12","144","33",".244","0.653","54","172","14",6.6,47.8
"Yastrzemski, Mike","573262","2021","49","28","3","25","131","51",".224","0.768","71","214","4",10.3,51
"Iglesias, Jose","578428","2021","93","27","2","9","75","21",".271","0.700","48","189","5",3.4,46.3
"Bryant, Kris","592178","2021","77","32","2","25","135","62",".265","0.834","73","247","10",10.3,47
"Canha, Mark","592192","2021","77","22","4","17","128","77",".231","0.745","61","201","12",7.1,48.7
"Castellanos, Nick","592206","2021","91","38","1","34","121","41",".309","0.938","100","306","3",10.6,44
"Judge, Aaron","592450","2021","95","24","0","39","158","75",".287","0.917","98","299","6",17.6,44.4
"Machado, Manny","592518","2021","96","31","2","28","102","63",".278","0.836","106","276","12",13.3,46.3
"Realmuto, J.T.","592663","2021","79","25","4","17","129","48",".263","0.782","73","209","13",8.6,48
"Renfroe, Hunter","592669","2021","71","33","0","31","130","44",".259","0.816","96","261","1",14.4,47
"Merrifield, Whit","593160","2021","129","42","3","10","103","40",".277","0.712","74","262","40",3.5,49.6
"Bogaerts, Xander","593428","2021","98","34","1","23","113","62",".295","0.863","79","261","5",9.7,46.7
"Polanco, Jorge","593871","2021","88","35","2","33","118","45",".269","0.826","98","296","11",10.1,48.7
"Sanó, Miguel","593934","2021","51","24","0","30","183","59",".223","0.778","75","219","2",17.7,45.7
"Duvall, Adam","594807","2021","60","17","2","38","174","35",".228","0.772","113","252","5",16.1,48.5
"Báez, Javier","595879","2021","82","18","2","31","184","28",".265","0.813","87","248","18",13.4,39.5
"Lindor, Francisco","596019","2021","65","16","3","20","96","58",".230","0.734","63","186","10",8.2,47.4
"Story, Trevor","596115","2021","69","34","5","24","139","53",".251","0.800","75","248","20",9.9,47.2
"Candelario, Jeimer","600869","2021","90","42","3","16","135","65",".271","0.794","67","247","0",9,46.7
"Bell, Josh","605137","2021","78","24","1","27","101","65",".261","0.823","88","237","0",8.8,45.6
"Betts, Mookie","605141","2021","68","29","3","23","86","68",".264","0.854","58","227","10",7.8,48.6
"Tapia, Raimel","606132","2021","99","26","2","6","70","40",".273","0.699","50","181","20",2.1,50.7
"Hernández, Teoscar","606192","2021","102","29","0","32","148","36",".296","0.870","116","288","12",13.9,46.9
"Turner, Trea","607208","2021","130","34","3","28","110","41",".328","0.911","77","319","32",7.4,49.5
"Ramírez, José","608070","2021","74","32","5","36","87","72",".266","0.893","103","297","27",11.1,46.8
"Gallo, Joey","608336","2021","47","13","1","38","213","111",".199","0.809","77","228","6",18.5,47.3
"Swanson, Dansby","621020","2021","84","33","2","27","167","52",".248","0.760","88","264","9",11.4,49.7
"Newman, Kevin","621028","2021","87","22","3","5","41","27",".226","0.574","39","160","6",1.6,50
"Taylor, Chris","621035","2021","80","25","4","20","167","63",".254","0.782","73","222","13",10.2,51.1
"Correa, Carlos","621043","2021","94","34","1","26","116","75",".279","0.851","92","269","0",9.4,47.4
"Olson, Matt","621566","2021","79","35","0","39","113","88",".271","0.911","111","305","4",12.7,48.2
"Alonso, Pete","624413","2021","80","27","3","37","127","60",".262","0.863","94","291","3",14.8,46.2
"Frazier, Adam","624428","2021","130","36","5","5","69","48",".305","0.779","43","237","10",1,51.4
"Soler, Jorge","624585","2021","61","27","0","27","142","67",".223","0.748","70","223","0",12.7,46.4
"Cronenworth, Jake","630105","2021","90","33","7","21","90","55",".266","0.800","71","261","4",7.2,50.4
"Meadows, Austin","640457","2021","62","29","3","27","122","59",".234","0.773","106","237","4",8.7,47.1
"Anderson, Tim","641313","2021","115","29","2","17","119","22",".309","0.807","61","247","18",7.8,49.4
"Crawford, J.P.","641487","2021","123","37","0","9","114","58",".273","0.714","54","233","3",2.4,53.2
"Dozier, Hunter","641531","2021","56","27","6","16","154","43",".216","0.679","54","192","5",8.8,46.8
"Mancini III, Trey","641820","2021","87","33","1","21","143","51",".255","0.758","71","240","0",10.4,46.4
"McMahon, Ryan","641857","2021","78","32","1","23","147","59",".254","0.780","86","237","6",7.3,50
"O'Neill, Tyler","641933","2021","76","26","2","34","168","38",".286","0.912","80","270","15",17.9,48
"Rosario, Amed","642708","2021","113","25","6","11","120","31",".282","0.730","57","225","13",2.8,48.6
"Adames, Willy","642715","2021","72","32","1","25","156","57",".262","0.818","73","239","5",11.4,47.7
"Benintendi, Andrew","643217","2021","90","27","2","17","97","36",".276","0.766","73","218","8",8.9,51.2
"Kiner-Falefa, Isiah","643396","2021","136","25","3","8","90","28",".271","0.669","53","227","20",1.8,49.6
"Albies, Ozzie","645277","2021","86","40","7","30","128","47",".259","0.798","106","307","20",9.3,47
"Devers, Rafael","646240","2021","89","37","1","38","143","62",".279","0.890","113","318","5",15,46.8
"Urías, Luis","649966","2021","73","25","1","23","116","63",".249","0.790","75","218","5",9.3,49.4
"Torres, Gleyber","650402","2021","88","22","0","9","104","50",".259","0.697","51","168","14",7.8,49.9
"Díaz, Yandy","650490","2021","85","20","1","13","85","69",".256","0.740","64","180","1",7,49.4
"Chapman, Matt","656305","2021","66","15","3","27","202","80",".210","0.717","72","213","3",13.7,49.9
"Mullins II, Cedric","656775","2021","103","37","5","30","125","59",".291","0.878","59","312","30",8.1,50
"Smith, Pavin","656976","2021","91","27","4","11","106","42",".267","0.732","49","201","1",5.1,51.4
"Verdugo, Alex","657077","2021","110","32","2","13","96","51",".289","0.777","63","232","6",7.3,51
"Moncada, Yoán","660162","2021","89","33","1","14","157","84",".263","0.787","61","214","3",8.2,47.5
"Ohtani, Shohei","660271","2021","58","26","8","46","189","96",".257","0.964","100","318","26",22.3,43.5
"Riley, Austin","663586","2021","112","33","1","33","168","52",".303","0.898","107","313","0",13.3,46.4
"Mountcastle, Ryan","663624","2021","79","23","1","33","161","41",".255","0.796","89","260","4",11.8,44.8
"Tucker, Kyle","663656","2021","79","37","3","30","90","53",".294","0.916","92","282","14",11.6,48
"India, Jonathan","663697","2021","86","34","2","21","141","71",".269","0.835","69","244","12",9.6,48.7
"Grisham, Trent","663757","2021","66","28","3","15","119","54",".242","0.740","62","191","13",5.2,50.7
"Lowe, Nathaniel","663993","2021","102","24","3","18","162","80",".264","0.772","72","231","8",9.5,50.1
"Happ, Ian","664023","2021","59","20","1","25","156","62",".226","0.757","66","202","9",10.9,48.8
"France, Ty","664034","2021","115","32","1","18","106","46",".291","0.813","73","254","0",6.8,48.2
"Lowe, Brandon","664040","2021","62","31","0","39","167","68",".247","0.863","99","280","7",14,46.6
"Fletcher, David","664058","2021","132","27","3","2","60","31",".262","0.621","47","203","15",0,54
"Straw, Myles","664702","2021","119","29","1","4","121","67",".271","0.697","48","196","30",1.3,52.5
"Walsh, Jared","665120","2021","83","34","1","29","152","48",".277","0.849","98","270","2",11.3,48
"Tatis Jr., Fernando","665487","2021","62","31","0","42","153","62",".282","0.975","97","292","25",21.3,44
"Guerrero Jr., Vladimir","665489","2021","110","29","1","48","110","86",".311","1.002","111","363","4",15.1,46.3
"Soto, Juan","665742","2021","106","20","2","29","93","145",".313","0.999","95","268","9",13.3,47.8
"Chisholm Jr., Jazz","665862","2021","73","20","4","18","145","34",".248","0.728","53","197","23",9,47.9
"Bichette, Bo","666182","2021","131","30","1","29","137","40",".298","0.827","102","310","25",9.9,47.5
"Carlson, Dylan","666185","2021","91","31","4","18","152","57",".266","0.780","65","237","2",7,48.7
"García, Adolis","666969","2021","82","26","2","31","194","32",".243","0.740","90","264","16",11.5,47.3
"Gurriel Jr., Lourdes","666971","2021","87","28","2","21","102","32",".276","0.785","84","233","1",9.6,48.7
"Arozarena, Randy","668227","2021","90","32","3","20","170","56",".274","0.815","69","243","20",8.2,46.6
"Reynolds, Bryan","668804","2021","102","35","8","24","119","75",".302","0.912","90","292","5",10.4,47.7
"Rojas, Josh","668942","2021","82","32","3","11","137","58",".264","0.752","44","199","9",4.8,50.5
"Edman, Tommy","669242","2021","113","41","3","11","95","38",".262","0.695","56","248","30",4.2,51.4
"Solak, Nick","669256","2021","80","18","2","11","107","34",".242","0.676","49","166","7",6.5,46.7
"Hays, Austin","669720","2021","73","26","4","22","107","28",".256","0.769","71","225","4",9.1,48.5
"Lopez, Nicky","670032","2021","120","21","6","2","74","49",".300","0.743","43","188","22",0.7,50.8
"Alvarez, Yordan","670541","2021","80","35","1","33","145","50",".277","0.877","104","285","1",15.9,47
"Cruz Jr., Nelson","443558","2022","79","16","0","10","119","49",".234","0.650","64","151","4",9.3,47.8
"Blackmon, Charlie","453568","2022","96","22","6","16","109","32",".264","0.733","78","222","4",4.4,51.2
"McCutchen, Andrew","457705","2022","80","25","0","17","124","57",".237","0.700","69","198","8",8.6,50.6
"Turner, Justin","457759","2022","81","36","0","13","89","50",".278","0.788","81","205","3",8,49.3
"Andrus, Elvis","462101","2022","84","32","0","17","92","39",".249","0.707","58","216","18",4.5,49
"Santana, Carlos","467793","2022","50","18","0","19","88","71",".202","0.692","60","162","0",9.3,49.6
"Gurriel Jr., Yuli","493329","2022","84","40","0","8","73","30",".242","0.648","53","196","8",1.9,48.3
"Rojas, Miguel","500743","2022","84","19","2","6","61","26",".236","0.606","36","152","9",1.9,48.7
"Escobar, Eduardo","500871","2022","69","26","4","20","129","40",".240","0.725","69","213","0",9.4,46.6
"Pham, Tommy","502054","2022","90","23","1","17","167","56",".236","0.686","63","207","8",7.9,52
"Martinez, J.D.","502110","2022","86","43","1","16","145","52",".274","0.789","62","239","0",12.5,46.6
"Goldschmidt, Paul","502671","2022","102","41","0","35","141","79",".317","0.982","115","324","7",11.6,47.9
"Altuve, Jose","514888","2022","91","39","0","28","87","66",".300","0.920","57","281","18",7.7,44.2
"Hernández, César","514917","2022","106","28","4","1","114","45",".248","0.629","34","178","10",2.4,50.5
"Marte, Starling","516782","2022","91","24","5","16","97","26",".292","0.815","63","218","18",6.8,49.1
"Donaldson, Josh","518626","2022","63","28","0","15","148","54",".222","0.682","62","179","2",9.8,48.2
"Freeman, Freddie","518692","2022","129","47","2","21","102","84",".325","0.918","100","313","13",9.9,47.1
"LeMahieu, DJ","518934","2022","92","18","0","12","71","67",".261","0.734","46","176","4",5.3,50.7
"Rizzo, Anthony","519203","2022","50","21","1","32","101","58",".224","0.818","75","223","6",10.9,47.7
"Flores, Wilmer","527038","2022","72","28","1","19","103","59",".229","0.710","71","207","0",6.3,47.6
"Ozuna, Marcell","542303","2022","64","19","0","23","122","31",".226","0.687","56","194","2",13.1,46
"Aguilar, Jesús","542583","2022","74","19","0","16","119","28",".235","0.660","51","176","1",6.9,46.2
"Cron, C.J.","543068","2022","88","28","3","29","164","43",".257","0.783","102","269","0",10.8,48.8
"Semien, Marcus","543760","2022","101","31","5","26","120","53",".248","0.733","83","282","25",6.8,48.4
"Springer III, George","543807","2022","86","22","4","25","100","54",".267","0.814","76","242","14",8.4,48.9
"Grichuk, Randal","545341","2022","88","21","3","19","127","24",".259","0.724","73","215","4",6.8,48.7
"Abreu, José","547989","2022","128","40","0","15","110","62",".304","0.824","75","268","0",9.5,48.3
"Suárez, Eugenio","553993","2022","71","24","2","31","196","73",".236","0.791","87","249","0",14.8,48.3
"Urshela, Gio","570482","2022","100","27","3","13","96","41",".285","0.767","64","215","1",7,48.5
"Schoop, Jonathan","570731","2022","62","23","1","11","107","19",".202","0.561","38","155","5",4.8,48.7
"Arenado, Nolan","571448","2022","90","42","1","30","72","52",".293","0.891","103","297","5",8.2,46
"Farmer, Kyle","571657","2022","94","25","1","14","99","33",".255","0.701","78","203","4",4.4,48.8
"Muncy, Max","571970","2022","47","22","1","21","141","90",".196","0.713","69","178","2",13.4,50.3
"Pollock, AJ","572041","2022","79","26","1","14","98","32",".245","0.681","56","190","3",9.4,48.8
"Voit III, Luke","572228","2022","69","22","0","22","179","55",".226","0.710","69","201","1",14.7,45.1
"Walker, Christian","572233","2022","78","25","2","36","131","69",".242","0.804","94","278","2",11.5,48.2
"Yastrzemski, Mike","573262","2022","54","31","2","17","141","61",".214","0.697","57","190","5",11.1,50.3
"Canha, Mark","592192","2022","86","24","0","13","97","48",".266","0.770","61","186","3",4.9,50.5
"Castellanos, Nick","592206","2022","98","27","0","13","130","29",".263","0.694","62","204","7",6.6,46.7
"Drury, Brandon","592273","2022","75","31","2","28","126","38",".263","0.812","87","255","2",10.4,48.8
"Judge, Aaron","592450","2022","87","28","0","62","175","111",".311","1.111","131","391","16",26.5,45.7
"Machado, Manny","592518","2022","102","37","1","32","133","63",".298","0.897","102","307","9",9.8,46.1
"Realmuto, J.T.","592663","2022","86","26","5","22","119","41",".276","0.820","84","241","21",11.3,49.1
"Renfroe, Hunter","592669","2022","68","23","1","29","121","39",".255","0.807","72","233","1",10.9,46.4
"Yelich, Christian","592885","2022","102","25","4","14","162","88",".252","0.738","57","220","19",8.2,47.5
"Merrifield, Whit","593160","2022","86","28","1","11","85","38",".250","0.673","58","189","16",4.2,50.7
"Bogaerts, Xander","593428","2022","118","38","0","15","118","57",".307","0.833","73","254","8",6.5,48.2
"Profar, Jurickson","595777","2022","87","36","2","15","103","73",".243","0.722","58","225","5",4,49.1
"Báez, Javier","595879","2022","84","27","4","17","147","26",".238","0.671","67","218","9",8,40.8
"Lindor, Francisco","596019","2022","114","25","5","26","133","59",".270","0.788","107","283","16",8.3,46.8
"Bell, Josh","605137","2022","98","29","3","17","102","81",".266","0.784","71","233","0",7.2,46.7
"Betts, Mookie","605141","2022","76","40","3","35","104","55",".269","0.873","82","305","12",9.7,49.1
"Hernández, Teoscar","606192","2022","72","35","1","25","152","34",".267","0.807","77","245","6",15,47.9
"Marte, Ketel","606466","2022","62","42","2","12","101","55",".240","0.728","52","200","5",6.1,47.9
"Nimmo, Brandon","607043","2022","106","30","7","16","116","71",".274","0.800","64","251","3",7,51.7
"Turner, Trea","607208","2022","130","39","4","21","131","45",".298","0.809","100","304","27",7.6,46.1
"Ramírez, José","608070","2022","90","44","5","29","82","69",".280","0.869","126","309","20",6.6,46.6
"Bregman, Alex","608324","2022","81","38","0","23","77","87",".259","0.820","93","249","1",7.3,46.8
"Seager, Corey","608369","2022","87","24","1","33","103","58",".245","0.772","83","270","3",10.5,47.8
"Winker, Jesse","608385","2022","71","15","0","14","103","84",".219","0.688","53","157","0",7.6,49.8
"Swanson, Dansby","621020","2022","119","32","1","25","182","49",".277","0.776","96","286","18",10.8,50.1
"Correa, Carlos","621043","2022","105","24","1","22","121","61",".291","0.833","64","244","0",11.4,47.9
"Ward, Taylor","621493","2022","92","22","2","23","120","60",".281","0.833","65","234","5",12.4,50.1
"Wisdom, Patrick","621550","2022","44","28","0","25","183","53",".207","0.724","66","200","8",14.2,49.4
"Olson, Matt","621566","2022","70","44","0","34","170","75",".240","0.802","103","294","0",13.6,46.4
"Mateo, Jorge","622761","2022","64","25","7","13","147","27",".221","0.646","50","187","35",6,48.2
"Santander, Anthony","623993","2022","81","24","0","33","122","55",".240","0.773","89","261","0",11.6,46.2
"Alonso, Pete","624413","2022","95","27","0","40","128","67",".271","0.870","131","309","5",12.3,43.8
"Frazier, Adam","624428","2022","100","22","4","3","73","46",".238","0.612","42","168","11",1.5,50.5
"Cronenworth, Jake","630105","2022","89","30","4","17","131","70",".239","0.722","88","229","3",5.6,52.5
"Bellinger, Cody","641355","2022","57","27","3","19","150","38",".210","0.654","68","196","14",8.3,49.8
"Crawford, J.P.","641487","2022","93","24","3","6","80","68",".243","0.675","42","174","3",2,50.2
"Mancini III, Trey","641820","2022","82","23","1","18","135","53",".239","0.710","63","203","0",9.8,48.3
"McMahon, Ryan","641857","2022","84","23","3","20","158","60",".246","0.741","67","219","7",10.4,51.9
"Tellez, Rowdy","642133","2022","58","23","0","35","121","62",".219","0.767","89","244","2",12.9,48.3
"Rosario, Amed","642708","2022","134","26","9","11","111","25",".283","0.715","71","257","18",4.5,48.6
"Adames, Willy","642715","2022","72","31","0","31","166","49",".238","0.756","98","258","8",13,47.7
"Estrada, Thairo","642731","2022","89","22","2","14","89","33",".260","0.722","62","195","21",4.4,48.4
"Benintendi, Andrew","643217","2022","109","23","3","5","77","52",".304","0.772","51","184","8",5.1,50.4
"Kemp, Tony","643393","2022","84","24","2","7","69","45",".235","0.641","46","166","11",1.6,50.2
"Kiner-Falefa, Isiah","643396","2022","102","20","0","4","72","35",".261","0.641","48","158","22",1.2,51.3
"McNeil, Jeff","643446","2022","125","39","1","9","61","40",".326","0.836","62","242","4",2.7,50.8
"Devers, Rafael","646240","2022","94","42","1","27","114","50",".295","0.879","88","289","3",11.5,45.8
"Arraez, Luis","650333","2022","133","31","1","8","43","50",".316","0.795","49","230","4",3.6,47.9
"Torres, Gleyber","650402","2022","82","28","1","24","129","39",".257","0.761","76","237","10",10.7,49.3
"Díaz, Yandy","650490","2022","98","33","0","9","60","78",".296","0.824","57","200","3",4.8,49.3
"Rengifo, Luis","650859","2022","86","22","4","17","79","17",".264","0.723","52","210","6",5.4,49.1
"Chapman, Matt","656305","2022","68","27","1","27","170","68",".229","0.757","76","233","2",12.9,50
"Hoskins, Rhys","656555","2022","80","33","2","30","169","72",".246","0.794","79","272","2",11.1,49.8
"Mullins II, Cedric","656775","2022","105","32","4","16","126","47",".258","0.721","64","245","34",4.9,51.9
"Schwarber, Kyle","656941","2022","56","21","3","46","200","86",".218","0.827","94","291","10",20.1,48.5
"Thomas, Lane","657041","2022","75","26","2","17","132","41",".241","0.705","52","201","8",6.5,51.1
"Verdugo, Alex","657077","2022","115","39","1","11","86","42",".280","0.733","74","240","1",6,52
"Ohtani, Shohei","660271","2022","90","30","6","34","161","72",".273","0.875","95","304","11",16.8,47.8
"Acuña Jr., Ronald","660670","2022","85","24","0","15","126","53",".266","0.764","50","193","29",12.8,47.9
"Varsho, Daulton","662139","2022","72","23","3","27","145","46",".235","0.745","74","235","16",10.2,52
"Hoerner, Nico","663538","2022","98","22","5","10","57","28",".281","0.737","55","197","20",2.6,49.1
"Riley, Austin","663586","2022","89","39","2","38","168","57",".273","0.877","93","325","2",15.7,47.4
"Mountcastle, Ryan","663624","2022","88","28","1","22","154","43",".250","0.728","85","235","4",15,44.5
"Hayes, Ke'Bryan","663647","2022","89","24","3","7","122","48",".244","0.659","41","174","20",3.9,47.5
"Tucker, Kyle","663656","2022","81","28","1","30","95","59",".257","0.808","107","260","25",10.2,49.2
"Grisham, Trent","663757","2022","48","16","2","17","150","57",".184","0.625","53","154","7",8.1,50.9
"Rodgers, Brendan","663898","2022","94","30","3","13","101","46",".266","0.733","63","215","0",7.2,49.4
"Lowe, Nathaniel","663993","2022","123","26","3","27","147","48",".302","0.850","76","292","2",9.9,51.4
"Happ, Ian","664023","2022","94","42","2","17","149","58",".271","0.782","72","252","9",6.5,49.4
"France, Ty","664034","2022","103","27","1","20","94","35",".274","0.774","83","240","0",5.4,46.9
"Straw, Myles","664702","2022","93","22","3","0","87","54",".221","0.564","32","146","21",0.7,54.4
"Bohm, Alec","664761","2022","124","24","3","13","110","31",".280","0.713","72","233","2",6.8,48.6
"Brown, Seth","664913","2022","61","26","3","25","146","51",".230","0.749","73","222","11",13,47.4
"Peña, Jeremy","665161","2022","88","20","2","22","135","22",".253","0.715","63","222","11",9.7,46.5
"Guerrero Jr., Vladimir","665489","2022","108","35","0","32","116","58",".274","0.819","97","306","8",11.2,47
"Soto, Juan","665742","2022","73","25","2","27","96","135",".242","0.853","62","237","6",12.4,46.7
"Giménez, Andrés","665926","2022","100","26","3","17","112","34",".297","0.837","69","229","20",6.2,47.1
"Bichette, Bo","666182","2022","121","43","1","24","155","41",".290","0.802","93","306","13",9.6,48.9
"García, Adolis","666969","2022","85","34","5","27","183","40",".250","0.756","101","276","25",12.9,44.7
"Arozarena, Randy","668227","2022","90","41","3","20","156","46",".263","0.772","89","261","32",7.9,45.8
"Reynolds, Bryan","668804","2022","92","19","4","27","141","56",".262","0.806","62","250","7",7.9,45.6
"Rojas, Josh","668942","2022","84","25","1","9","98","55",".269","0.740","56","173","23",4.5,49.6
"Melendez Jr., MJ","669004","2022","58","21","3","18","131","66",".217","0.706","62","181","2",10.4,48.9
"Murphy, Sean","669221","2022","77","37","2","18","124","56",".250","0.758","66","229","1",10.5,47.8
"Edman, Tommy","669242","2022","105","31","4","13","111","46",".265","0.724","57","231","32",6.2,48.9
"Smith, Will","669257","2022","79","26","3","24","96","56",".260","0.808","87","236","1",10.3,50.2
"Hays, Austin","669720","2022","81","35","2","16","114","34",".250","0.719","60","221","2",5.2,46.7
"Alvarez, Yordan","670541","2022","76","29","2","37","106","78",".306","1.019","97","288","1",21,46
"Kirk, Alejandro","672386","2022","101","19","0","14","58","63",".285","0.787","63","195","0",6.7,48.6
"Kim, Ha-Seong","673490","2022","87","29","3","11","100","51",".251","0.708","59","198","12",4.2,51.9
"Rodríguez, Julio","677594","2022","89","25","3","28","145","40",".284","0.854","75","260","25",13.1,45.1
"Witt Jr., Bobby","677951","2022","93","31","6","20","135","30",".254","0.722","80","253","30",8.7,48
"Kwan, Steven","680757","2022","130","25","7","6","60","62",".298","0.773","52","225","19",1.4,51.3
"Vaughn, Andrew","683734","2022","92","28","1","17","96","31",".271","0.750","76","219","0",7.9,49.8
"Turner, Justin","457759","2023","100","31","0","23","110","51",".276","0.800","96","254","4",5.7,50.8
"Santana, Carlos","467793","2023","75","33","1","23","104","65",".240","0.747","86","236","6",6.7,48.1
"Goldschmidt, Paul","502671","2023","103","31","0","25","161","87",".268","0.810","80","265","11",12,49.4
"Freeman, Freddie","518692","2023","121","59","2","29","121","72",".331","0.977","102","361","23",11.1,49
"LeMahieu, DJ","518934","2023","81","22","3","15","125","60",".243","0.717","44","194","2",5.9,51.5
"Perez, Salvador","521692","2023","93","21","0","23","135","19",".255","0.714","80","227","0",8.8,43.2
"Ozuna, Marcell","542303","2023","75","29","1","40","134","57",".274","0.904","100","296","0",16.6,46.7
"Semien, Marcus","543760","2023","112","40","4","29","110","72",".276","0.826","100","320","14",6.5,49.9
"Springer III, George","543807","2023","111","25","1","21","125","60",".258","0.732","72","248","20",7.7,52.2
"Harper, Bryce","547180","2023","83","29","1","21","119","80",".293","0.900","72","228","11",15.2,40.5
"Abreu, José","547989","2023","86","23","1","18","130","42",".237","0.679","90","207","0",8.7,47.9
"Díaz, Elias","553869","2023","90","25","1","14","118","34",".267","0.725","72","199","1",6.2,46.1
"Suárez, Eugenio","553993","2023","88","29","0","22","214","70",".232","0.714","96","234","2",13.2,49.8
"Arenado, Nolan","571448","2023","95","26","2","26","101","41",".266","0.774","93","257","3",7.3,45.9
"Hernández, Enrique","571771","2023","76","23","0","11","97","34",".237","0.646","61","166","4",4.5,49.4
"Muncy, Max","571970","2023","48","17","1","36","153","85",".212","0.808","105","229","1",14.6,46.7
"Walker, Christian","572233","2023","79","36","2","33","127","62",".258","0.830","103","289","11",11.4,49.6
"Canha, Mark","592192","2023","77","25","1","11","79","49",".262","0.755","62","174","11",4.7,50.6
"Castellanos, Nick","592206","2023","102","37","2","29","185","36",".272","0.787","106","298","11",10.3,45.4
"Drury, Brandon","592273","2023","68","30","3","26","136","25",".262","0.803","83","241","0",11,48.7
"Machado, Manny","592518","2023","89","21","0","30","109","50",".258","0.781","91","251","3",10.5,49.6
"Realmuto, J.T.","592663","2023","70","28","5","20","138","35",".252","0.762","63","221","16",11.2,49.6
"Renfroe, Hunter","592669","2023","65","31","0","20","125","44",".233","0.713","60","207","0",6.1,47
"Rosario, Eddie","592696","2023","74","24","3","21","122","34",".255","0.755","74","215","3",9.5,46.1
"Yelich, Christian","592885","2023","99","34","1","19","140","78",".278","0.817","76","246","28",9.2,46.6
"Merrifield, Whit","593160","2023","111","27","0","11","101","36",".272","0.700","67","209","26",2.4,49.9
"Bogaerts, Xander","593428","2023","118","31","2","19","110","56",".285","0.790","58","262","19",6.1,51.4
"Profar, Jurickson","595777","2023","73","27","2","9","90","50",".242","0.689","46","169","1",4,50.5
"Báez, Javier","595879","2023","82","18","4","9","125","24",".222","0.592","59","166","12",5.2,44.3
"Lindor, Francisco","596019","2023","87","33","2","31","137","66",".254","0.806","98","283","31",10.4,48.2
"Candelario, Jeimer","600869","2023","63","39","3","22","127","53",".251","0.807","70","238","8",7.9,48
"Bell, Josh","605137","2023","85","28","0","22","134","63",".247","0.744","74","229","0",10.1,46.3
"Betts, Mookie","605141","2023","99","40","1","39","107","96",".307","0.987","107","338","14",12.4,49.1
"Davis, J.D.","605204","2023","77","23","1","18","152","52",".248","0.737","69","198","1",9.6,50.6
"Arcia, Orlando","606115","2023","87","25","0","17","102","39",".264","0.741","65","205","1",6.9,50.8
"Hernández, Teoscar","606192","2023","104","29","2","26","211","38",".258","0.740","93","272","7",13.8,48.7
"Marte, Ketel","606466","2023","97","26","9","25","109","71",".276","0.843","82","276","8",8,49.3
"Nimmo, Brandon","607043","2023","102","30","6","24","146","74",".274","0.829","68","276","3",9.5,52.9
"Turner, Trea","607208","2023","104","35","5","26","150","45",".266","0.779","76","293","30",8.4,45.9
"Ramírez, José","608070","2023","107","36","5","24","73","73",".282","0.831","80","290","28",7,47.2
"Bregman, Alex","608324","2023","106","28","4","25","87","92",".262","0.804","98","274","3",5.4,47.3
"Seager, Corey","608369","2023","81","42","0","33","88","49",".327","1.013","96","297","2",15.2,48.7
"Meneses, Joey","608841","2023","118","36","1","13","130","38",".275","0.722","89","245","0",5.4,48.5
"Swanson, Dansby","621020","2023","88","25","3","22","154","66",".244","0.744","80","235","9",10.9,49.6
"Correa, Carlos","621043","2023","69","29","2","18","131","59",".230","0.711","65","205","0",9.6,47.6
"Olson, Matt","621566","2023","88","27","3","54","167","104",".283","0.993","139","367","1",16.4,45.8
"Santander, Anthony","623993","2023","82","41","1","28","152","55",".257","0.797","95","279","5",10.2,45
"Alonso, Pete","624413","2023","54","21","2","46","151","65",".217","0.822","118","286","4",14.7,47.2
"Soler, Jorge","624585","2023","66","24","0","36","141","66",".250","0.853","75","258","1",15,45.1
"Cronenworth, Jake","630105","2023","64","24","7","10","97","46",".229","0.690","48","173","6",4.4,52.1
"Anderson, Tim","641313","2023","100","18","2","1","122","26",".245","0.582","25","146","13",2.9,50.1
"Bellinger, Cody","641355","2023","97","29","1","26","87","40",".307","0.881","97","262","20",6.1,51.3
"Crawford, J.P.","641487","2023","88","35","0","19","125","94",".266","0.818","65","234","2",4.8,50.2
"McMahon, Ryan","641857","2023","76","31","3","23","198","68",".240","0.753","70","239","5",11.4,52.1
"Smith, Dominic","642086","2023","100","21","1","12","91","47",".254","0.692","46","193","1",6.6,48.7
"Rosario, Amed","642708","2023","95","25","8","6","99","29",".263","0.683","58","193","15",3.4,47
"Adames, Willy","642715","2023","65","29","2","24","165","71",".217","0.717","80","225","5",12.4,45.8
"Estrada, Thairo","642731","2023","92","26","2","14","120","22",".271","0.731","49","206","23",4.8,46.8
"Benintendi, Andrew","643217","2023","106","34","2","5","89","52",".262","0.682","45","200","13",2.9,51.1
"McNeil, Jeff","643446","2023","119","25","4","10","65","39",".270","0.711","55","221","10",1.3,50.3
"Albies, Ozzie","645277","2023","99","30","5","33","107","46",".280","0.849","109","306","13",8.2,45.6
"Devers, Rafael","646240","2023","90","34","0","33","126","62",".271","0.851","100","290","5",12.7,45.1
"Arraez, Luis","650333","2023","160","30","3","10","34","35",".354","0.862","69","269","3",3.5,52.2
"Torres, Gleyber","650402","2023","108","28","2","25","98","67",".273","0.800","68","270","13",7.9,48.5
"Díaz, Yandy","650490","2023","116","35","0","22","94","65",".330","0.932","78","274","0",9.5,49.9
"De La Cruz, Bryan","650559","2023","98","32","0","19","142","40",".257","0.715","78","238","4",8.8,46.4
"Chapman, Matt","656305","2023","64","39","2","17","165","62",".240","0.754","54","216","4",17.1,51.2
"McKinstry, Zach","656716","2023","73","21","4","9","113","44",".231","0.653","35","163","16",7.6,49.2
"Schwarber, Kyle","656941","2023","48","19","1","47","215","126",".197","0.817","104","277","0",16.4,47
"Thomas, Lane","657041","2023","101","36","3","28","176","36",".268","0.783","86","294","20",9.6,48.4
"Verdugo, Alex","657077","2023","89","37","5","13","93","45",".264","0.745","54","230","5",5,53
"Ohtani, Shohei","660271","2023","73","26","8","44","143","91",".304","1.066","95","325","20",19.6,45.4
"Acuña Jr., Ronald","660670","2023","137","35","4","41","84","80",".337","1.012","106","383","73",15.3,49
"Ruiz, Keibert","660688","2023","94","24","0","18","58","31",".260","0.717","67","214","1",5.8,48.5
"Contreras, William","661388","2023","100","38","1","17","126","63",".289","0.824","78","247","6",9.4,48.7
"Varsho, Daulton","662139","2023","70","23","3","20","135","45",".220","0.674","61","205","16",7.3,51.7
"Nootbaar, Lars","663457","2023","73","23","1","14","99","72",".261","0.785","46","178","11",8.8,50.7
"Hoerner, Nico","663538","2023","135","27","4","9","83","49",".283","0.729","68","237","43",1.8,50.5
"Riley, Austin","663586","2023","107","32","3","37","172","59",".281","0.861","97","328","3",13.9,48.9
"Hayes, Ke'Bryan","663647","2023","81","31","7","15","104","28",".271","0.762","61","224","10",7.4,49.1
"Tucker, Kyle","663656","2023","92","37","5","29","92","80",".284","0.886","112","297","30",10.6,50.6
"India, Jonathan","663697","2023","71","23","0","17","109","52",".244","0.745","61","185","14",7.7,50.8
"Raleigh, Cal","663728","2023","65","23","1","30","158","54",".232","0.762","75","234","0",12.6,46.3
"Grisham, Trent","663757","2023","48","31","1","13","154","75",".198","0.667","50","165","15",11.9,51.6
"Vierling, Matt","663837","2023","89","21","5","10","112","44",".261","0.717","44","186","6",4.6,51.5
"Stephenson, Tyler","663886","2023","78","20","2","13","135","47",".243","0.695","56","176","0",7.6,49
"Lowe, Nathaniel","663993","2023","105","38","3","17","165","93",".262","0.774","82","258","1",6.5,49.5
"Happ, Ian","664023","2023","84","35","4","21","153","99",".248","0.791","84","250","14",9,49
"France, Ty","664034","2023","103","32","0","12","117","43",".250","0.703","58","215","1",6.8,48.7
"Straw, Myles","664702","2023","88","18","3","1","97","42",".238","0.598","29","137","20",0.5,55.8
"Bohm, Alec","664761","2023","102","31","0","20","94","42",".274","0.764","97","244","4",5.7,50.9
"Wade Jr., LaMonte","664774","2023","77","14","2","17","95","76",".256","0.790","45","179","2",9.1,49
"Peña, Jeremy","665161","2023","107","32","3","10","129","43",".263","0.705","52","220","13",4,46.4
"Tatis Jr., Fernando","665487","2023","89","33","1","25","141","53",".257","0.771","78","258","29",11,47
"Guerrero Jr., Vladimir","665489","2023","103","30","0","26","100","67",".264","0.789","94","267","5",11.1,47.9
"Soto, Juan","665742","2023","88","32","1","35","129","132",".275","0.929","109","295","12",13,46.7
"Taveras, Leody","665750","2023","88","31","3","14","117","35",".266","0.733","67","215","14",7.2,49.7
"Giménez, Andrés","665926","2023","93","27","5","15","112","32",".251","0.713","62","222","30",5.5,46.9
"Bichette, Bo","666182","2023","122","30","3","20","115","27",".306","0.814","73","271","5",9.6,49.6
"García, Adolis","666969","2023","68","29","0","39","175","65",".245","0.836","107","282","9",16.1,45.7
"Gurriel Jr., Lourdes","666971","2023","83","35","2","24","103","33",".261","0.772","82","255","5",8.4,50.4
"Rooker Jr., Brent","667670","2023","63","20","1","30","172","49",".246","0.817","69","226","4",15.6,48.3
"Arozarena, Randy","668227","2023","95","19","3","23","156","80",".254","0.789","83","234","22",12.3,46.3
"Steer, Spencer","668715","2023","95","37","3","23","139","68",".271","0.820","86","270","15",6.7,50.7
"Reynolds, Bryan","668804","2023","91","31","5","24","138","53",".263","0.790","84","264","12",11.1,45.7
"Rutschman, Adley","668939","2023","111","31","1","20","101","92",".277","0.809","80","256","1",7.5,47.3
"Melendez Jr., MJ","669004","2023","75","29","5","16","170","62",".235","0.714","56","212","6",11.4,49.6
"Edman, Tommy","669242","2023","77","25","4","13","84","35",".248","0.706","47","191","27",5,51.1
"Smith, Will","669257","2023","79","21","2","19","89","63",".261","0.797","76","203","3",6.7,48.2
"Suwinski, Jack","669261","2023","51","21","2","26","172","75",".224","0.793","74","203","13",15.7,48.4
"Burger, Jake","669394","2023","60","28","1","34","149","32",".250","0.827","80","255","1",16.7,48.1
"Hays, Austin","669720","2023","89","36","2","16","141","38",".275","0.769","67","231","5",8.9,47.5
"Paredes, Isaac","670623","2023","68","24","0","31","104","58",".250","0.840","98","240","1",5.9,46.1
"Friedl Jr., TJ","670770","2023","88","22","8","18","90","47",".279","0.819","66","228","27",3.2,50.9
"Casas, Triston","671213","2023","66","21","2","24","126","70",".263","0.857","65","210","0",13.1,48.6
"Harris II, Michael","671739","2023","94","33","3","18","101","25",".293","0.808","57","241","20",10,49.3
"Garcia, Maikel","672580","2023","98","20","4","4","115","38",".272","0.681","50","166","23",3.9,52.3
"Robert Jr., Luis","673357","2023","69","36","1","38","172","30",".264","0.857","80","296","20",15.4,47.3
"Kim, Ha-Seong","673490","2023","100","23","0","17","124","75",".260","0.749","60","214","38",4.2,53.1
"Suzuki, Seiya","673548","2023","90","31","6","20","130","59",".285","0.842","74","250","6",10.5,51.8
"Jung, Josh","673962","2023","78","25","1","23","151","30",".266","0.782","70","223","1",11.9,47.6
"Rodríguez, Julio","677594","2023","109","37","2","32","175","47",".275","0.818","103","317","37",11.9,47.6
"Witt Jr., Bobby","677951","2023","108","28","11","30","121","40",".276","0.814","96","317","49",11.5,49.1
"Tovar, Ezequiel","678662","2023","91","37","4","15","166","25",".253","0.695","73","237","11",8.1,46.7
"Torkelson, Spencer","679529","2023","75","34","1","31","171","67",".233","0.759","94","270","3",14.1,51.4
"Kwan, Steven","680757","2023","123","36","7","5","75","70",".268","0.710","54","236","21",1.1,52.7
"Stott, Bryson","681082","2023","115","32","2","15","100","39",".280","0.748","62","245","31",4.7,52.2
"Outman, James","681546","2023","78","16","3","23","181","68",".248","0.790","70","211","16",11.1,47.9
"Abrams, CJ","682928","2023","86","28","6","18","118","32",".245","0.712","64","232","47",6.9,49.9
"Carroll, Corbin","682998","2023","96","30","10","25","125","57",".285","0.868","76","286","54",7.6,47.8
"Henderson, Gunnar","683002","2023","77","29","9","28","159","56",".255","0.814","82","274","10",11.4,50.4
"Volpe, Anthony","683011","2023","65","23","4","21","167","52",".209","0.666","60","207","24",9,50
"Vaughn, Andrew","683734","2023","93","30","2","21","129","36",".258","0.743","80","243","0",8.4,47.7
"Yoshida, Masataka","807799","2023","104","33","3","15","81","34",".289","0.783","72","239","8",6.6,51.2
"McCutchen, Andrew","457705","2024","65","18","1","20","133","58",".232","0.739","50","184","3",12,51.3
"Turner, Justin","457759","2024","84","24","0","11","95","59",".259","0.737","55","176","0",4.6,50.1
"Santana, Carlos","467793","2024","75","26","0","23","99","65",".238","0.748","71","219","4",7.3,47.9
"Goldschmidt, Paul","502671","2024","91","33","1","22","173","47",".245","0.716","65","248","11",10.7,51
"Altuve, Jose","514888","2024","134","31","0","20","119","47",".295","0.789","65","276","22",6.5,45.3
"Freeman, Freddie","518692","2024","94","35","2","22","100","78",".282","0.854","89","258","9",9.1,48.2
"Perez, Salvador","521692","2024","105","28","0","27","129","44",".271","0.786","104","269","0",12.2,43.4
"Ozuna, Marcell","542303","2024","113","31","0","39","170","74",".302","0.924","104","331","1",15.5,44.1
"Semien, Marcus","543760","2024","102","27","2","23","105","64",".237","0.699","74","254","8",6.6,48.9
"Springer III, George","543807","2024","79","19","3","19","115","60",".220","0.674","56","202","16",9.3,51.6
"Harper, Bryce","547180","2024","85","42","0","30","138","76",".285","0.898","87","289","7",10.6,43.3
"Suárez, Eugenio","553993","2024","86","28","2","30","176","49",".256","0.788","101","268","2",11.3,50.6
"Arenado, Nolan","571448","2024","118","23","0","16","92","44",".272","0.719","71","228","2",3.2,49.6
"Walker, Christian","572233","2024","68","26","0","26","133","55",".251","0.803","84","224","2",13.3,48.6
"Castellanos, Nick","592206","2024","97","30","4","23","139","41",".254","0.742","86","261","6",8.1,49.1
"Judge, Aaron","592450","2024","85","36","1","58","171","133",".322","1.159","144","392","10",26.9,47.9
"Machado, Manny","592518","2024","104","30","0","29","124","45",".275","0.797","105","280","11",11,51.4
"Profar, Jurickson","595777","2024","105","29","0","24","101","76",".280","0.839","85","259","10",7.2,50.7
"Lindor, Francisco","596019","2024","96","39","1","33","127","56",".273","0.844","91","309","29",13.6,51.5
"Bell, Josh","605137","2024","90","23","2","19","120","51",".249","0.724","71","218","0",7.6,46.6
"Betts, Mookie","605141","2024","82","24","5","19","57","61",".289","0.863","75","221","16",6,48.6
"Arcia, Orlando","606115","2024","79","24","0","17","128","41",".218","0.625","46","195","2",5.3,49.9
"Hernández, Teoscar","606192","2024","93","32","2","33","188","53",".272","0.840","99","295","12",14.9,48.8
"Marte, Ketel","606466","2024","86","23","2","36","106","65",".292","0.932","95","282","7",12.3,49
"Nimmo, Brandon","607043","2024","77","25","3","23","158","77",".224","0.726","90","228","15",9.1,49.9
"Turner, Trea","607208","2024","103","25","0","21","98","27",".295","0.807","62","237","19",6.9,48.5
"Ramírez, José","608070","2024","93","39","2","39","82","54",".279","0.872","118","333","41",8.6,47.6
"Bregman, Alex","608324","2024","93","30","2","26","86","44",".260","0.768","75","263","3",6.4,50.7
"Seager, Corey","608369","2024","81","21","0","30","96","53",".278","0.865","74","243","1",15.2,48.8
"Winker, Jesse","608385","2024","72","23","0","14","106","63",".253","0.765","58","174","14",7.6,53
"Swanson, Dansby","621020","2024","84","27","2","16","144","54",".242","0.702","66","208","19",9.2,52.7
"Ward, Taylor","621493","2024","91","26","2","25","163","63",".246","0.749","75","249","6",13,51
"Olson, Matt","621566","2024","81","37","1","29","170","71",".247","0.790","98","274","0",12.4,48.1
"Santander, Anthony","623993","2024","69","25","2","44","129","58",".235","0.814","102","301","2",11.7,46.8
"Alonso, Pete","624413","2024","81","31","0","34","172","70",".240","0.788","88","279","3",13.2,48.3
"Soler, Jorge","624585","2024","63","34","1","21","141","68",".241","0.780","64","218","1",12.6,46.4
"Cronenworth, Jake","630105","2024","90","29","3","17","118","61",".241","0.714","83","225","5",7.8,51.2
"Bellinger, Cody","641355","2024","93","23","3","18","89","45",".266","0.751","78","220","9",6.3,50.1
"McMahon, Ryan","641857","2024","89","28","0","20","185","69",".242","0.722","65","225","4",10.9,52.1
"Adames, Willy","642715","2024","88","33","0","32","173","74",".251","0.793","112","282","21",12,49.5
"Benintendi, Andrew","643217","2024","69","20","0","20","96","41",".229","0.685","64","189","3",6.3,51.8
"Devers, Rafael","646240","2024","76","34","5","28","147","67",".272","0.870","83","271","3",13,47.3
"Naylor, Josh","647304","2024","79","27","0","31","105","58",".243","0.776","108","257","6",8.4,45.2
"Arraez, Luis","650333","2024","161","32","3","4","29","24",".314","0.738","46","250","9",1.6,52.2
"Torres, Gleyber","650402","2024","110","26","0","15","136","65",".257","0.708","63","222","4",6.3,50.7
"Castro, Willi","650489","2024","90","31","5","12","150","51",".247","0.716","60","215","14",7,48.1
"Díaz, Yandy","650490","2024","112","31","1","14","95","50",".281","0.755","65","233","0",7.6,51.1
"De La Cruz, Bryan","650559","2024","90","25","0","21","170","29",".233","0.655","68","224","5",9.3,48.7
"Chapman, Matt","656305","2024","74","39","2","27","158","64",".247","0.791","78","266","15",12.6,51.9
"Hoskins, Rhys","656555","2024","56","14","0","26","149","53",".214","0.722","82","188","3",12.7,51.4
"Schwarber, Kyle","656941","2024","82","22","0","38","197","106",".248","0.851","104","278","5",15.6,47.9
"Thomas, Lane","657041","2024","68","26","3","15","137","44",".237","0.709","63","189","32",7.4,50.7
"Verdugo, Alex","657077","2024","88","28","1","13","93","49",".233","0.647","61","199","2",5.6,53.4
"Ohtani, Shohei","660271","2024","98","38","7","54","162","81",".310","1.036","130","411","59",21.5,48
"Sánchez, Jesús","660821","2024","79","25","1","18","140","41",".252","0.730","64","204","16",12.2,45.8
"Contreras, William","661388","2024","105","37","2","23","139","78",".281","0.831","92","277","9",10,47.9
"Varsho, Daulton","662139","2024","52","21","7","18","137","48",".214","0.700","58","187","10",6.2,49.1
"Hoerner, Nico","663538","2024","116","35","1","7","66","44",".273","0.708","48","217","31",1.2,51.7
"Mountcastle, Ryan","663624","2024","83","30","2","13","114","27",".271","0.733","63","201","3",8.8,47.8
"India, Jonathan","663697","2024","87","28","2","15","125","80",".248","0.749","58","209","13",7.7,50.9
"Raleigh, Cal","663728","2024","70","16","0","34","176","70",".220","0.748","100","238","6",15.4,47.4
"Vierling, Matt","663837","2024","84","28","5","16","121","41",".257","0.735","57","219","6",7.5,51.9
"Stephenson, Tyler","663886","2024","72","26","1","19","117","48",".258","0.782","66","203","1",9.1,49.2
"Rodgers, Brendan","663898","2024","91","29","1","13","132","31",".267","0.721","54","204","1",5.6,50.4
"Lowe, Nathaniel","663993","2024","96","16","1","16","125","71",".265","0.762","69","195","2",5.8,49
"Happ, Ian","664023","2024","77","34","2","25","168","80",".243","0.782","86","251","13",11.7,50.8
"France, Ty","664034","2024","75","24","0","13","114","38",".234","0.670","51","175","1",7.3,50.7
"Bohm, Alec","664761","2024","94","44","2","15","86","40",".280","0.780","97","248","5",6.8,51.2
"Peña, Jeremy","665161","2024","115","28","2","15","111","25",".266","0.702","70","237","20",5.4,48.1
"Guerrero Jr., Vladimir","665489","2024","124","44","1","30","96","72",".323","0.940","103","335","2",13.7,49.9
"Soto, Juan","665742","2024","90","31","4","41","119","129",".288","0.988","109","328","7",19.7,46.5
"Taveras, Leody","665750","2024","78","17","3","12","112","42",".229","0.641","44","169","23",5.9,48.9
"Cruz, Oneil","665833","2024","82","34","3","21","181","51",".259","0.773","76","243","22",15.7,46.6
"Chisholm Jr., Jazz","665862","2024","95","21","4","24","152","53",".256","0.760","73","245","40",9.7,48.4
"Giménez, Andrés","665926","2024","115","22","1","9","97","26",".252","0.638","63","198","30",2.8,51.1
"Morel, Christopher","666624","2024","70","11","3","21","159","61",".196","0.634","60","185","8",10.2,48.9
"García, Adolis","666969","2024","78","27","0","25","177","45",".224","0.684","85","232","11",12.5,44.8
"Gurriel Jr., Lourdes","666971","2024","101","22","2","18","101","29",".279","0.757","75","223","7",6.7,49.7
"Rooker Jr., Brent","667670","2024","93","26","2","39","177","59",".293","0.927","112","307","11",16.6,46.1
"Arozarena, Randy","668227","2024","67","33","0","20","169","73",".219","0.720","60","213","20",8.3,47.3
"Bleday, JJ","668709","2024","72","43","4","20","125","67",".243","0.761","60","250","2",8.3,47.8
"Steer, Spencer","668715","2024","71","34","4","20","137","72",".225","0.721","92","231","25",6.4,49.2
"Reynolds, Bryan","668804","2024","115","29","3","24","156","57",".275","0.791","88","278","10",9.6,46.2
"Turang, Brice","668930","2024","107","24","4","7","105","50",".254","0.665","57","195","50",2.4,53.5
"Rutschman, Adley","668939","2024","102","21","1","19","103","58",".250","0.709","79","223","1",6.1,49.9
"Langeliers, Shea","669127","2024","59","18","2","29","145","41",".224","0.738","80","217","4",12.8,48.3
"Smith, Will","669257","2024","72","24","2","20","105","51",".248","0.760","75","206","1",10.8,49.6
"Burger, Jake","669394","2024","81","23","1","29","150","31",".250","0.761","76","246","1",12.3,47.2
"Smith, Josh","669701","2024","91","30","1","13","121","46",".258","0.731","62","206","11",3.7,51.7
"Alvarez, Yordan","670541","2024","99","34","2","35","95","69",".308","0.959","86","313","6",14.5,46.1
"Paredes, Isaac","670623","2024","84","25","1","19","105","76",".238","0.739","80","213","1",4.5,47.7
"Ramos, Heliot","671218","2024","80","23","3","22","135","37",".269","0.791","72","223","6",14.5,48.2
"García, Luis","671277","2024","97","25","1","18","86","27",".282","0.762","70","222","22",8,47.7
"Garcia, Maikel","672580","2024","94","27","5","7","103","42",".231","0.613","58","191","37",3.7,52.3
"Diaz, Yainer","673237","2024","127","29","3","16","107","24",".299","0.766","84","258","2",7.6,46.2
"Suzuki, Seiya","673548","2024","91","27","6","21","160","63",".283","0.848","73","247","16",11.5,48.6
"Burleson, Alec","676475","2024","106","20","0","21","76","35",".269","0.734","78","230","9",6.5,49.4
"Meyers, Jake","676694","2024","65","20","3","13","117","35",".219","0.646","61","166","11",6.8,48.7
"Rodríguez, Julio","677594","2024","118","17","0","20","156","38",".273","0.734","68","232","24",10.2,45.4
"Witt Jr., Bobby","677951","2024","123","45","11","32","106","57",".332","0.977","109","374","31",14.3,47.4
"Tovar, Ezequiel","678662","2024","101","45","4","26","200","23",".269","0.764","78","307","6",9,48.1
"Rafaela, Ceddanne","678882","2024","91","23","5","15","151","15",".246","0.664","75","212","19",7.5,48.3
"Kwan, Steven","680757","2024","107","16","3","14","51","53",".292","0.793","44","204","12",2.6,51.7
"Duran, Jarren","680776","2024","108","48","14","21","160","54",".285","0.834","75","330","34",9.3,50.3
"Gelof, Zack","680869","2024","66","20","2","17","188","38",".211","0.632","49","180","25",8.8,51.4
"Donovan, Brendan","680977","2024","112","34","3","14","81","47",".278","0.759","73","245","5",5.5,51.4
"Stott, Bryson","681082","2024","92","19","2","11","93","53",".245","0.671","57","180","32",3.6,50.5
"Cowser, Colton","681297","2024","70","24","3","24","172","52",".242","0.768","69","223","9",13.6,50.1
"O'Hoppe, Logan","681351","2024","79","17","1","20","155","33",".244","0.712","56","196","2",12,47
"De La Cruz, Elly","682829","2024","89","36","10","25","218","69",".259","0.810","76","291","67",12.7,47.3
"Abrams, CJ","682928","2024","78","29","6","20","128","40",".246","0.747","65","234","31",6.9,50.9
"Greene, Riley","682985","2024","77","27","6","24","156","64",".262","0.827","74","245","4",13.4,48.8
"Carroll, Corbin","682998","2024","78","22","14","22","130","73",".231","0.750","74","252","35",7.2,47.2
"Henderson, Gunnar","683002","2024","102","31","7","37","159","78",".281","0.893","92","333","21",11.2,48.4
"Volpe, Anthony","683011","2024","109","27","7","12","156","42",".243","0.657","60","232","28",3.9,52
"Vaughn, Andrew","683734","2024","90","30","1","19","132","38",".246","0.699","70","229","2",9.3,48.6
"Busch, Michael","683737","2024","72","28","2","21","162","63",".248","0.775","65","218","2",11.2,48.3
"Frelick, Sal","686217","2024","95","22","4","2","78","39",".259","0.655","32","159","18",0.8,50.5
"Pasquantino, Vinnie","686469","2024","79","30","2","19","71","40",".262","0.761","97","221","1",7.1,48
"Doyle, Brenton","686668","2024","90","24","4","23","153","46",".260","0.763","72","242","30",10.5,48.1
"Neto, Zach","687263","2024","77","34","1","23","140","39",".249","0.761","77","240","30",8.4,48.1
"Ortiz, Joey","687401","2024","63","25","6","11","103","56",".239","0.727","60","175","11",4.6,50.8
"Keith, Colt","690993","2024","102","15","4","13","110","36",".260","0.689","61","196","7",5.6,49.2
"Winn, Masyn","691026","2024","105","32","5","15","109","41",".267","0.730","57","244","11",3.7,51.5
"Chourio, Jackson","694192","2024","91","29","4","21","121","39",".275","0.791","79","245","22",7.8,49.6
"Schanuel, Nolan","694384","2024","98","19","0","13","103","68",".250","0.705","54","188","10",3.5,50
"Langford, Wyatt","694671","2024","81","25","4","16","115","51",".253","0.740","74","207","19",9.3,48
"Young, Jacob","696285","2024","92","24","1","3","102","30",".256","0.647","36","155","33",1.6,52.6
"Merrill, Jackson","701538","2024","101","31","6","24","101","29",".292","0.826","90","277","16",11.3,49.3